iter	Accuracy	Logloss
0	0.9512720157	0.5463504745
99	0.9571428571	0.1233051323
